{
    "xgsdkserverKeyAndroid": "59cc0e49de1540c0970680f5d954bc7e",
    "xgsdkserverKeyIos": "59cc0e49de1540c0970680f5d954bc7e",
    "xgsdkAppIdAndroid": "",
    "xgsdkAppIdIos": "",
    "gmdeskey": "3b2c9da55872423bbc33102c",
    "customerServiceMd5Key": "1dd54e9c551d44d3b4fdf17ad4b17284",
    "efunServerKey":"E88B1A13588198F3F239C350D3B4676A",
    "rankServerUrl":"http://127.0.0.1:8080",
    "qqAppId": "1105054046",
    "guestAppId": "G_1105054046",
    "wxAppId": "wxacbfe7e1bb3e800f",
    "qqAppKey": "M8n98P39CQCUWJFX",
    "guestAppKey": "M8n98P39CQCUWJFX",
    "wxAppKey": "b53b55619b2a92414ad42aef480974fd",
    "freeFlowUrl": "http://msdk.qq.com/freeflow/getinfo",
    "wxLoginUrl": "http://msdk.qq.com/auth/check_token/",
    "qqLoginUrl": "http://msdk.qq.com/auth/verify_login/",
    "guestLoginUrl": "http://msdk.qq.com/auth/guest_check_token/"
}
