{
    "items": [
{"name":"QY1", "id":"QY1"},
{"name":"QY2", "id":"QY2"},
{"name":"QY3", "id":"QY3"},
{"name":"Family", "id":"Family"},
{"name":"FamilyNum30", "id":"FamilyNum30"},
{"name":"FamilyNum50", "id":"FamilyNum50"},
{"name":"FamilyNumDC", "id":"FamilyNumDC"},
{"name":"FamilyNumSP", "id":"FamilyNumSP"},
{"name":"FamilyNumTP", "id":"FamilyNumTP"},
{"name":"FamilyNumRank1", "id":"FamilyNumRank1"},
{"name":"FamilyNumRank2", "id":"FamilyNumRank2"},
{"name":"FamilyNumRank3", "id":"FamilyNumRank3"},
{"name":"FamilyNumRank4", "id":"FamilyNumRank4"},
{"name":"FamilyNumRank5", "id":"FamilyNumRank5"},
{"name":"FamilyNumRank6", "id":"FamilyNumRank6"},
{"name":"FamilyNumRank7", "id":"FamilyNumRank7"},
{"name":"FamilyNumRank8", "id":"FamilyNumRank8"},
{"name":"FamilyNumRank9", "id":"FamilyNumRank9"},
{"name":"FamilyNumRank10", "id":"FamilyNumRank10"},
{"name":"DownloadAhead", "id":"DownloadAhead"},
{"name":"TWCommunityA1", "id":"TWCommunityA1"},
{"name":"TWCommunityA2", "id":"TWCommunityA2"},
{"name":"TWCommunityA3", "id":"TWCommunityA3"},
{"name":"TWCommunityA4", "id":"TWCommunityA4"},
{"name":"TWCommunityA5", "id":"TWCommunityA5"},
{"name":"TWCommunityA6", "id":"TWCommunityA6"},
{"name":"TWCommunityA7", "id":"TWCommunityA7"},
{"name":"TWCommunityA8", "id":"TWCommunityA8"},
{"name":"TWCommunityA9", "id":"TWCommunityA9"},
{"name":"TWCommunityA10", "id":"TWCommunityA10"},
{"name":"TWCommunityA11", "id":"TWCommunityA11"},
{"name":"TWCommunityA12", "id":"TWCommunityA12"},
{"name":"TWCommunityA13", "id":"TWCommunityA13"},
{"name":"TWCommunityA14", "id":"TWCommunityA14"},
{"name":"TWCommunityB1", "id":"TWCommunityB1"},
{"name":"TWCommunityB2", "id":"TWCommunityB2"},
{"name":"TWCommunityB3", "id":"TWCommunityB3"},
{"name":"TWCommunityB4", "id":"TWCommunityB4"},
{"name":"TWCommunityB5", "id":"TWCommunityB5"},
{"name":"TWCommunityB6", "id":"TWCommunityB6"},
{"name":"TWCommunityA15", "id":"TWCommunityA15"},
{"name":"TWCommunityA16", "id":"TWCommunityA16"},
{"name":"TWCommunityB7", "id":"TWCommunityB7"},
{"name":"TWCommunityB8", "id":"TWCommunityB8"},
{"name":"TWCommunityB9", "id":"TWCommunityB9"},
{"name":"TWCommunityB10", "id":"TWCommunityB10"},
{"name":"HKCommunityA1", "id":"HKCommunityA1"},
{"name":"HKCommunityA2", "id":"HKCommunityA2"},
{"name":"HKCommunityA3", "id":"HKCommunityA3"},
{"name":"HKCommunityA4", "id":"HKCommunityA4"},
{"name":"HKCommunityA5", "id":"HKCommunityA5"},
{"name":"HKCommunityA6", "id":"HKCommunityA6"},
{"name":"HKCommunityA7", "id":"HKCommunityA7"},
{"name":"HKCommunityA8", "id":"HKCommunityA8"},
{"name":"HKCommunityB1", "id":"HKCommunityB1"},
{"name":"HKCommunityB2", "id":"HKCommunityB2"},
{"name":"HKCommunityB3", "id":"HKCommunityB3"},
{"name":"HKCommunityB4", "id":"HKCommunityB4"},
{"name":"HKCommunityB5", "id":"HKCommunityB5"},
{"name":"HKCommunityB6", "id":"HKCommunityB6"},

{"name":"称号-縱貫線第一幫禮包", "id":"TWTitleBag1"},
{"name":"称号-南北二路大幫禮包", "id":"TWTitleBag2"},
{"name":"称号-海線第一禮包", "id":"TWTitleBag3"},
{"name":"称号-揸Fit人禮包", "id":"TWTitleBag4"},
{"name":"称号-金牌打手禮包", "id":"TWTitleBag5"},
{"name":"称号-古惑仔禮包", "id":"TWTitleBag6"},
{"name":"称号-濁水溪霸主禮包", "id":"TWTitleBag7"},
{"name":"称号-天下第一幫禮包", "id":"TWTitleBag8"},
{"name":"称号-山線無敵禮包", "id":"TWTitleBag9"},
{"name":"称号-縱貫江湖禮包", "id":"TWTitleBag10"},
{"name":"822-平台商城禮包A", "id":"TWPlatShopA"},
{"name":"822-平台商城禮包B", "id":"TWPlatShopB"},
{"name":"822-平台商城禮包C", "id":"TWPlatShopC"},
{"name":"822-平台商城禮包D", "id":"TWPlatShopD"},
{"name":"822-平台新手禮包", "id":"TWPlatNew"},
{"name":"822-手機綁定禮包", "id":"TWPlatMobiBind"},
{"name":"822-推薦禮包1", "id":"TWPlatRecommend1"},
{"name":"822-推薦禮包2", "id":"TWPlatRecommend2"},
{"name":"822-推薦禮包3", "id":"TWPlatRecommend3"},
{"name":"822-推薦禮包4", "id":"TWPlatRecommend4"},
{"name":"822-推薦禮包5", "id":"TWPlatRecommend5"},
{"name":"822-推薦禮包6", "id":"TWPlatRecommend6"},
{"name":"822-平台15天簽到禮包", "id":"TWPlatOnline15"},
{"name":"822-平台30天簽到禮包", "id":"TWPlatOnline30"},
{"name":"822-平台福利禮包A", "id":"TWPlatBenefitA"},
{"name":"822-平台福利禮包B", "id":"TWPlatBenefitB"},
{"name":"822-平台福利禮包C", "id":"TWPlatBenefitC"},
{"name":"822-VIP會員通用禮包", "id":"TWPlatVIP1"},
{"name":"822-VIP會員貴賓禮包", "id":"TWPlatVIP2"},
{"name":"822-VIP會員生日禮包", "id":"TWPlatVIP3"},
{"name":"822-VIP會員遊戲體驗禮包", "id":"TWPlatVIP4"},
{"name":"822-義勇禮包", "id":"TWPlatBrave"},
{"name":"822-劍俠好康禮包A", "id":"TWPlatHopeA"},
{"name":"822-劍俠好康禮包B", "id":"TWPlatHopeB"},
{"name":"822-劍俠好康禮包C", "id":"TWPlatHopeC"},
{"name":"822-劍俠好康禮包D", "id":"TWPlatHopeD"},
{"name":"822-劍俠好康禮包E", "id":"TWPlatHopeE"},
{"name":"822-劍俠好康禮包F", "id":"TWPlatHopeF"},
{"name":"822-劍俠好康禮包G", "id":"TWPlatHopeG"},
{"name":"822-劍俠好康禮包H", "id":"TWPlatHopeH"},
{"name":"822-劍俠好康禮包I", "id":"TWPlatHopeI"},
{"name":"822-劍俠好康禮包J", "id":"TWPlatHopeJ"},
{"name":"822-劍俠好康禮包K", "id":"TWPlatHopeK"},
{"name":"822-劍俠好康禮包L", "id":"TWPlatHopeL"},
{"name":"822-劍俠好康禮包M", "id":"TWPlatHopeM"},
{"name":"社群-劍俠禮包Q", "id":"TWSocial1"},
{"name":"社群-巴哈禮包A", "id":"TWSocial2"},
{"name":"社群-7-ELEVEN超商", "id":"TWSocial3"},
{"name":"社群-捷遊機門市", "id":"TWSocial4"},
{"name":"社群-中華電信", "id":"TWSocial5"},
{"name":"社群-麥卡貝", "id":"TWSocial6"},
{"name":"社群-神秘寶藏", "id":"TWSocial7"},
{"name":"社群-客訴安撫禮包", "id":"TWSocial8"},
{"name":"社群-非付費玩家短信推送禮包", "id":"TWSocial9"},
{"name":"社群-付費玩家推送禮包", "id":"TWSocial10"},
{"name":"社群-VIP短信推送禮包", "id":"TWSocial11"},

{"name":"FB情義禮包", "id":"TWFaceBookQY"},
{"name":"港澳儲值禮包A", "id":"TWRechargeA"},
{"name":"全家超商", "id":"TWFamiport"},
{"name":"香港兄弟相挺礼包", "id":"HKBrother1"},

{"name":"港澳渠道禮包B", "id":"HKChannleB"},
{"name":"優惠禮包", "id":"HKCutOff"},
{"name":"限時禮包a", "id":"HKLimitA"},
{"name":"限時禮包b", "id":"HKLimitB"},
{"name":"幫派line群活動獎勵A", "id":"HKKinActA"},
{"name":"幫派line群活動獎勵B", "id":"HKKinActB"},
{"name":"幫派line群活動獎勵C", "id":"HKKinActC"},
{"name":"幫派line群活動獎勵D", "id":"HKKinActD"},
{"name":"幫派line群活動獎勵E", "id":"HKKinActE"},

{"name":"萊爾富儲值禮包A","id":"HKRechargeA"},
{"name":"劍俠情緣大禮包1","id":"HKJXQY1"},
{"name":"劍俠情緣大禮包2","id":"HKJXQY2"},
{"name":"劍俠情緣VIP大禮包","id":"HKJXQYVIP"},
{"name":"迴歸禮包","id":"HKReturn"},
{"name":"義氣大禮包","id":"HKBrotherhood"},
{"name":"历程回归礼包","id":"HKProcessReturn"},

{"name":"efun週年慶大R獎勵每日登入送祝福","id":"HKRichLogin"},
{"name":"efun平臺大R完善資料獎勵禮包","id":"HKRichData"},
{"name":"電玩禮包","id":"HKVideoGame"},

{"name":"7-11儲值禮包","id":"HKRecharge711"},
{"name":"全家儲值禮包","id":"HKRechargeFamily"},
{"name":"萊爾富儲值禮包2","id":"HKRechargeRich"},
{"name":"ok儲值禮包","id":"HKRechargeOK"},
{"name":"捷遊機儲值禮包","id":"HKRechargeJieyou"},

{"name":"gash點卡禮包","id":"HKGashGiftBag"},
{"name":"回歸大禮包","id":"HKReturnGiftBag1"},
{"name":"資料片大禮包","id":"HKExpansionPack1"},

{"name":"FB義氣禮包A","id":"HKYiqiA"},
{"name":"FB義氣禮包B","id":"HKYiqiB"},
{"name":"FB義氣禮包C","id":"HKYiqiC"},
{"name":"FB義氣禮包D","id":"HKYiqiD"},
{"name":"FB義氣禮包E","id":"HKYiqiE"},
{"name":"FB義氣禮包F","id":"HKYiqiF"},
{"name":"FB義氣禮包G","id":"HKYiqiG"},
{"name":"FB義氣禮包H","id":"HKYiqiH"},
{"name":"FB義氣禮包I","id":"HKYiqiI"},
{"name":"FB義氣禮包J","id":"HKYiqiJ"},
{"name":"FB義氣禮包K","id":"HKYiqiK"},
{"name":"FB義氣禮包L","id":"HKYiqiL"},
{"name":"FB義氣禮包M","id":"HKYiqiM"},
{"name":"FB義氣禮包N","id":"HKYiqiN"},
{"name":"FB義氣禮包O","id":"HKYiqiO"},
{"name":"FB義氣禮包P","id":"HKYiqiP"},
{"name":"FB義氣禮包Q","id":"HKYiqiQ"},
{"name":"FB義氣禮包R","id":"HKYiqiR"},
{"name":"FB義氣禮包S","id":"HKYiqiS"},
{"name":"FB義氣禮包T","id":"HKYiqiT"},

{"name":"116平台商城限時禮包A","id":"HK116ShopLimitA"},
{"name":"116平台商城限時禮包B","id":"HK116ShopLimitB"},
{"name":"116平台商城優惠禮包A","id":"HK116ShopSellA"},
{"name":"116平台商城優惠禮包B","id":"HK116ShopSellB"},
{"name":"116平臺專享禮包","id":"HK116PlatZ"},
{"name":"116推薦禮包a","id":"HK116TuiA"},
{"name":"116推薦禮包b","id":"HK116TuiB"},
{"name":"116平臺福利禮包a","id":"HK116PlatA"},
{"name":"116平臺福利禮包b","id":"HK116PlatB"},
{"name":"116平臺活動禮包1","id":"HK116PlatAct1"},
{"name":"116平臺活動禮包2","id":"HK116PlatAct2"},
{"name":"116平臺活動禮包3","id":"HK116PlatAct3"},
{"name":"116備用禮包1","id":"HK116Bak1"},
{"name":"116備用禮包2","id":"HK116Bak2"},
{"name":"116備用禮包3","id":"HK116Bak3"},
{"name":"116備用禮包4","id":"HK116Bak4"},
{"name":"116備用禮包5","id":"HK116Bak5"},

{"name":"香港-客訴安撫禮包","id":"HKpacify"},

{"name":"越南封测礼包1","id":"VNClosedBeta1"},
{"name":"越南封测礼包2","id":"VNClosedBeta2"},
{"name":"越南封测礼包3","id":"VNClosedBeta3"},

{"name":"VNGFanpageLv1","id":"VNGFanpageLv1"},
{"name":"VNGFanpageLv2","id":"VNGFanpageLv2"},
{"name":"VNGFanpageLv3","id":"VNGFanpageLv3"},
{"name":"VNGNetBar","id":"VNGNetBar"},

{"name":"新马FB活跃礼包1","id":"XMFBLive1"},
{"name":"新马FB活跃礼包2","id":"XMFBLive2"},
{"name":"新马FB活跃礼包3","id":"XMFBLive3"},
{"name":"新马FB活跃礼包4","id":"XMFBLive4"},
{"name":"新马FB活跃礼包5","id":"XMFBLive5"},

{"name":"新马新手礼包","id":"XMNewPackage"},
{"name":"新马族长奖励","id":"XMPatriarch"},
{"name":"新马副族长奖励","id":"XMAssistant"},
{"name":"新马家族10人奖励","id":"XMFamilyNum10"},
{"name":"新马家族20人奖励","id":"XMFamilyNum20"},
{"name":"新马家族30人奖励","id":"XMFamilyNum30"},
{"name":"新马家族网红礼包","id":"XMWebCelebrity"},
{"name":"新马FB点赞礼包","id":"XMFBLike"},

{"name":"EFUN尊享礼包","id":"EFUNLuxury"},
{"name":"紫英雄礼包","id":"PurpleHero"},
{"name":"新马储点礼包","id":"XMRecharge"},
{"name":"新马资料完善礼包A","id":"XMOrganizingDataA"},
{"name":"新马资料完善礼包B","id":"XMOrganizingDataB"},
{"name":"新马情人节平台礼包","id":"XMValentine"},

{"name":"好声音平台礼包","id":"XMGoodVoicePlat"},
{"name":"好声音渠道礼包","id":"XMGoodVoiceChannel"},
{"name":"老玩家回归平台礼包","id":"XMOldPlayerPlat"},
{"name":"老玩家回归渠道礼包","id":"XMOldPlayerChannel"},
{"name":"半周年平台礼包","id":"XMHalfYearPlat"},
{"name":"半周年渠道礼包","id":"XMHalfYearChannel"},

{"name":"新马免费礼包","id":"XMFreeGiftBag"},
{"name":"新马专属礼包","id":"XMExclusiveGiftBag"},
{"name":"新马限时优惠礼包","id":"XMSaleGiftBag"},

{"name":"新马资料片预约活动礼包", "id":"XMExpansionPackBook"},
{"name":"新马-预约礼包", "id":"XMAHeadTitle"},

{"name":"新马感恩节免费礼包","id":"XMThxGivingFree"},
{"name":"新马感恩节专属礼包","id":"XMThxGivingExclusive"},
{"name":"新马感恩节特惠礼包","id":"XMThxGivingCutoff"},
{"name":"新马感恩节神秘礼包","id":"XMThxGivingMystery"},
{"name":"新马圣诞节免费礼包","id":"XMXmasFree"},
{"name":"新马圣诞节专属礼包","id":"XMXmasExclusive"},
{"name":"新马圣诞节特惠礼包","id":"XMXmasCutoff"},
{"name":"新马圣诞节神秘礼包","id":"XMXmasMystery"},
{"name":"新马手机验证礼包","id":"XMMobileVerify"},

{"name":"劳动节免费礼包5美元","id":"XMLaborDay1"},
{"name":"劳动节专属礼包10美元","id":"XMLaborDay2"},
{"name":"劳动节限时礼包25美元","id":"XMLaborDay3"},
{"name":"劳动节神秘礼包50美元","id":"XMLaborDay4"},
{"name":"劳动节神秘礼包20美元","id":"XMLaborDay5"},

{"name":"新马8月平台免费礼包","id":"XM1808Free"},
{"name":"新马8月平台专属礼包","id":"XM1808Exclusive"},
{"name":"新马8月平台特惠礼包","id":"XM1808Cutoff"},
{"name":"新马8月平台神秘礼包","id":"XM1808Mystery"},

{"name":"粉丝大礼包","id":"KOFansGiftBag"},
{"name":"预约大礼包","id":"KOBookGiftBag"},
{"name":"加入café会员","id":"KOJionCafeGiftBag"},
{"name":"邀请3人奖励","id":"KOInviteThreeGiftBag"},
{"name":"媒体预约大礼包","id":"KOMediaBookGiftBag"},
{"name":"MOBI_sepcial_coupon","id":"KOMOBISCGiftBag"},
{"name":"lotting1日礼包","id":"KOLottingGiftBag1"},
{"name":"lotting2日礼包","id":"KOLottingGiftBag2"},
{"name":"lotting3日礼包","id":"KOLottingGiftBag3"},
{"name":"lotting_unique大礼包","id":"KOLottingUpiqueGiftBag"},
{"name":"lotting_plus大礼包","id":"KOLottingPlusGiftBag"},
{"name":"zzi大礼包","id":"KOZziGiftBag"},

{"name":"hungryapp兑换码10-1","id":"KOHungryapp"},
{"name":"hungryappGstar兑换码book","id":"KOHungryappGstar"},
{"name":"媒体礼包1","id":"KOMedia1"},
{"name":"媒体礼包2","id":"KOMedia2"},

{"name":"新版本用户召回礼包","id":"KONewReturn"},
{"name":"重置回归礼包","id":"KOReturn2"},
{"name":"KO1805预约大礼包","id":"KO18005Booking"},
{"name":"KO1805MOBIcoupon","id":"KO18005Mobi"},
{"name":"KO1805Lotting1","id":"KO1805Lotting1"},
{"name":"KO1805Lotting3","id":"KO1805Lotting3"},
{"name":"KO1805LottingUnique","id":"KO1805LottingUnique"},
{"name":"KO1805LottingPlus","id":"KO1805LottingPlus"},
{"name":"KO1805zzi礼包","id":"KO18005zzi"},
{"name":"KO18517预约大礼包","id":"KO18517Book"},
{"name":"KO18517线下活动幸运","id":"KO18517Lucky"},
{"name":"KO18517线下活动普照","id":"KO18517All"},

{"name":"泰国封测预约礼包","id":"THClosedBeta"},
{"name":"泰国公测预约礼包","id":"THOpenBeta"},
{"name":"泰国激活码礼包1","id":"THCDkeyPackage1"},
{"name":"泰国激活码礼包2","id":"THCDkeyPackage2"},
{"name":"泰国激活码礼包3","id":"THCDkeyPackage3"},
{"name":"泰国激活码礼包4","id":"THCDkeyPackage4"},
{"name":"泰国找bug礼包","id":"THBugPackage"},
{"name":"泰国点赞分享礼包","id":"THLikeButton"},
{"name":"泰国晒十连抽礼包","id":"THDisplayPickCard"},

{"name":"发布会礼包","id":"THConference"},
{"name":"充150泰铢TrueMoney卡礼包","id":"THPay150"},
{"name":"充300泰铢TrueMoney卡礼包","id":"THPay300"},
{"name":"充500泰铢TrueMoney卡礼包","id":"THPay500"},
{"name":"充1000泰铢TrueMoney卡礼包","id":"THPay1000"},
{"name":"分发给媒体的礼包码","id":"THMedia"},

{"name":"泰国Epay充值礼包","id":"THEpay"},
{"name":"泰国iShowApp","id":"THiShowApp"},
{"name":"泰国泼水节Like&Share","id":"THSongkranLikeShare"},
{"name":"泰国晒公会合照","id":"THFamilyGroupPhoto"},
{"name":"泰国公会Like&share","id":"THFamilyLikeShare"},
{"name":"泰国泼水节充值","id":"THSongkranPay"},

{"name":"LuckyDraw奖励1","id":"THLuckyDraw1"},
{"name":"LuckyDraw奖励2","id":"THLuckyDraw2"},
{"name":"LuckyDraw奖励3","id":"THLuckyDraw3"},
{"name":"LuckyDraw奖励4","id":"THLuckyDraw4"},
{"name":"LuckyDraw奖励5","id":"THLuckyDraw5"},
{"name":"LuckyDraw奖励6","id":"THLuckyDraw6"},
{"name":"LuckyDraw奖励7","id":"THLuckyDraw7"},
{"name":"LuckyDraw奖励8","id":"THLuckyDraw8"},
{"name":"LuckyDraw奖励9","id":"THLuckyDraw9"},
{"name":"LuckyDraw奖励10","id":"THLuckyDraw10"},
{"name":"LuckyDraw奖励11","id":"THLuckyDraw11"},
{"name":"LuckyDraw奖励12","id":"THLuckyDraw12"},

{"name":"调查问卷","id":"THQuestionnaire"},
{"name":"iShowApp赠送的礼包","id":"THiShowApp"},
{"name":"WinnerStoreApp赠送的礼包码","id":"THWinnerStoreApp"},
{"name":"Winner旗下游戏举行活动","id":"THWinner"},

{"name":"Meeting抽奖礼包1","id":"MeetingLotteryGiftBag1"},
{"name":"Meeting抽奖礼包2","id":"MeetingLotteryGiftBag2"},
{"name":"Meeting抽奖礼包3","id":"MeetingLotteryGiftBag3"},
{"name":"Meeting抽奖礼包4","id":"MeetingLotteryGiftBag4"},
{"name":"Meeting抽奖礼包5","id":"MeetingLotteryGiftBag5"},
{"name":"Meeting抽奖礼包6","id":"MeetingLotteryGiftBag6"},
{"name":"Meeting抽奖礼包7","id":"MeetingLotteryGiftBag7"},
{"name":"Meeting抽奖礼包8","id":"MeetingLotteryGiftBag8"},
{"name":"Meeting抽奖礼包9","id":"MeetingLotteryGiftBag9"},
{"name":"Meeting抽奖礼包10","id":"MeetingLotteryGiftBag10"},
{"name":"注册参加Meeting礼包","id":"MeetingRegisterGiftBag"},
{"name":"Meeting里的活动礼包1","id":"MeetingActivityGiftBag1"},
{"name":"Meeting里的活动礼包2","id":"MeetingActivityGiftBag2"},
{"name":"Meeting里的活动礼包3","id":"MeetingActivityGiftBag3"},

{"name":"欢迎新版本赠送礼包码","id":"THNewRelease1"},
{"name":"通过媒体赠送的礼包码1","id":"THNewReleaseMedia1"},
{"name":"通过媒体赠送的礼包码2","id":"THNewReleaseMedia2"},
{"name":"通过媒体赠送的礼包码3","id":"THNewReleaseMedia3"},
{"name":"通过媒体赠送的礼包码4","id":"THNewReleaseMedia4"},
{"name":"通过媒体赠送的礼包码5","id":"THNewReleaseMedia5"},
{"name":"通过媒体赠送的礼包码6","id":"THNewReleaseMedia6"},
{"name":"通过媒体赠送的礼包码7","id":"THNewReleaseMedia7"},
{"name":"通过媒体赠送的礼包码8","id":"THNewReleaseMedia8"},
{"name":"新版本LikeShare活动的礼包码","id":"THNewReleaseLikeShare1"},

{"name":"MeetingLuckyTime幸运抽奖1","id":"MeetingLuckyTime1"},
{"name":"MeetingLuckyTime幸运抽奖2","id":"MeetingLuckyTime2"},
{"name":"MeetingLuckyTime幸运抽奖3","id":"MeetingLuckyTime3"},
{"name":"MeetingLuckyTime幸运抽奖4","id":"MeetingLuckyTime4"},
{"name":"MeetingLuckyTime幸运抽奖5","id":"MeetingLuckyTime5"},
{"name":"MeetingLuckyTime幸运抽奖6","id":"MeetingLuckyTime6"},
{"name":"MeetingLuckyTime幸运抽奖7","id":"MeetingLuckyTime7"},
{"name":"MeetingLuckyTime幸运抽奖8","id":"MeetingLuckyTime8"},
{"name":"MeetingLuckyTime幸运抽奖9","id":"MeetingLuckyTime9"},
{"name":"MeetingLuckyTime幸运抽奖10","id":"MeetingLuckyTime10"},
{"name":"MeetingLuckyTime幸运抽奖11","id":"MeetingLuckyTime11"},
{"name":"注册参加Meeting礼包2","id":"MeetingRegisterGiftBag1"},
{"name":"Meeting里的活动礼包4","id":"MeetingActivityGiftBag4"},
{"name":"Meeting里的活动礼包5","id":"MeetingActivityGiftBag5"},
{"name":"Meeting里的活动礼包6","id":"MeetingActivityGiftBag6"},

{"name":"FBPost家园20赞","id":"PostMyDreamHomeGiftBag1"},
{"name":"FBPost攒数最多","id":"PostMyDreamHomeGiftBag2"},
{"name":"TH300元宝","id":"MeetingGoldGiftBag1"},
{"name":"TH500元宝","id":"MeetingGoldGiftBag2"},
{"name":"TH1000元宝","id":"MeetingGoldGiftBag3"},
{"name":"注册参加Meeting礼包3","id":"MeetingRegisterGiftBag2"},
{"name":"facebook活动礼包1","id":"FaceBookActivity1"},
{"name":"facebook活动礼包2","id":"FaceBookActivity2"},

{"name":"9月Meeting充值","id":"TH826MeetingRecharge"},
{"name":"9月推广注册","id":"TH826SpreadRegist"},
{"name":"9月facebook活动礼包1","id":"TH826FBActivity1"},
{"name":"9月facebook活动礼包2","id":"TH826FBActivity2"},
{"name":"9月facebook活动礼包3","id":"TH826FBActivity3"},
{"name":"9月facebook活动礼包4","id":"TH826FBActivity4"},
{"name":"9月facebook活动礼包5","id":"TH826FBActivity5"},

{"name":"11月Facbook活动礼包码2","id":"TH11FBActivity2"},
{"name":"11月Meeting充值礼包码1","id":"TH11MeetingRecharge1"},
{"name":"11月Meeting充值礼包码2","id":"TH11MeetingRecharge2"},
{"name":"11月Meeting线下礼包码1","id":"TH11Meeting1"},
{"name":"11月Meeting注册礼包码","id":"TH11Meeting2"},
{"name":"11家族活动奖品礼包码2","id":"TH11KinActivity2"},
{"name":"11家族活动参与礼包码1","id":"TH11KinJoin1"},
{"name":"11家族活动参与礼包码2","id":"TH11KinJoin2"},
{"name":"11家族活动参与礼包码3","id":"TH11KinJoin3"},
{"name":"11月Meeting抽奖1","id":"TH11MeetingLucky1"},
{"name":"11月Meeting抽奖2","id":"TH11MeetingLucky2"},
{"name":"11月Meeting抽奖3","id":"TH11MeetingLucky3"},
{"name":"11月Meeting抽奖4","id":"TH11MeetingLucky4"},
{"name":"11月Meeting抽奖5","id":"TH11MeetingLucky5"},
{"name":"11月Meeting抽奖6","id":"TH11MeetingLucky6"},
{"name":"11月Meeting抽奖7","id":"TH11MeetingLucky7"},
{"name":"11月Meeting抽奖8","id":"TH11MeetingLucky8"},
{"name":"11月Meeting抽奖9","id":"TH11MeetingLucky9"},
{"name":"11月Meeting抽奖10","id":"TH11MeetingLucky10"},
{"name":"11月Meeting抽奖11","id":"TH11MeetingLucky11"},
{"name":"11月Meeting抽奖12","id":"TH11MeetingLucky12"},
{"name":"11月Meeting抽奖13","id":"TH11MeetingLucky13"},
{"name":"11月Meeting抽奖14","id":"TH11MeetingLucky14"},
{"name":"11月Meeting抽奖15","id":"TH11MeetingLucky15"},
{"name":"11月Meeting抽奖16","id":"TH11MeetingLucky16"},
{"name":"1801新玩家注册礼包","id":"TH1801NewReg"},
{"name":"1801FB活动1","id":"TH1801FBPostLike1"},
{"name":"1801FB活动2","id":"TH1801FBPostLike2"},
{"name":"1801FB活动3","id":"TH1801FBPostLike3"},
{"name":"1801FB活动4","id":"TH1801FBPostLike4"},

{"name":"1803FB活动1","id":"TH1803FBPostLike1"},
{"name":"1803FB活动2","id":"TH1803FBPostLike2"},
{"name":"1803FB活动3","id":"TH1803FBPostLike3"},
{"name":"1803FB活动4","id":"TH1803FBPostLike4"},
{"name":"1803LuckyTime6","id":"1803LuckyTime6"},
{"name":"1803LuckyTime7","id":"1803LuckyTime7"},
{"name":"1803LuckyTime8","id":"1803LuckyTime8"},
{"name":"1803LuckyTime9","id":"1803LuckyTime9"},
{"name":"1803LuckyTime10","id":"1803LuckyTime10"},
{"name":"1803LuckyTime13","id":"1803LuckyTime13"},
{"name":"1803注册参加奖励","id":"1803Regist"},
{"name":"TH2000元宝","id":"TH2000Gold"},
{"name":"1803BookFestival充值1","id":"1803BookFes1"},
{"name":"1803BookFestival充值2","id":"1803BookFes2"},

{"name":"1805LuckyTime1","id":"TH1805LuckyT1"},
{"name":"1805LuckyTime2","id":"TH1805LuckyT2"},
{"name":"1805LuckyTime3","id":"TH1805LuckyT3"},
{"name":"1805LuckyTime4","id":"TH1805LuckyT4"},
{"name":"1805LuckyTime5","id":"TH1805LuckyT5"},
{"name":"1805LuckyTime6","id":"TH1805LuckyT6"},
{"name":"1805LuckyTime7","id":"TH1805LuckyT7"},
{"name":"1805LuckyTime8","id":"TH1805LuckyT8"},
{"name":"1805LuckyTime9","id":"TH1805LuckyT9"},
{"name":"1805LuckyTime10","id":"TH1805LuckyT10"},
{"name":"1805LuckyTime11","id":"TH1805LuckyT11"},
{"name":"1805LuckyTime12","id":"TH1805LuckyT12"},
{"name":"1805LuckyTime13","id":"TH1805LuckyT13"},
{"name":"1805BoosFestival1","id":"TH1805BookFes1"},
{"name":"1805BoosFestival2","id":"TH1805BookFes2"},
{"name":"1805BoosFestival3","id":"TH1805BookFes3"},
{"name":"1805FB活动1","id":"TH1805FBPostLike1"},
{"name":"1805注册参加奖励","id":"1805Regist"},

{"name":"1808Meeting1","id":"1808Meeting1"},
{"name":"1808Meeting2","id":"1808Meeting2"},
{"name":"1808Meeting3","id":"1808Meeting3"},
{"name":"1808Meeting4","id":"1808Meeting4"},
{"name":"1808Meeting5","id":"1808Meeting5"},
{"name":"1808Meeting6","id":"1808Meeting6"},
{"name":"1808Meeting7","id":"1808Meeting7"},
{"name":"1808Meeting8","id":"1808Meeting8"},
{"name":"1808Meeting9","id":"1808Meeting9"},
{"name":"1808Meeting10","id":"1808Meeting10"},
{"name":"1808Meeting11","id":"1808Meeting11"},
{"name":"1808Meeting注册","id":"1808MeetingReg"},
{"name":"1808Meeting充值2","id":"1808MeetingBuy2"},
{"name":"1808Meeting充值3","id":"1808MeetingBuy3"},
{"name":"1808FB1","id":"1808FB1"},
{"name":"1808FB2","id":"1808FB2"},
{"name":"1808FB3","id":"1808FB3"},
{"name":"1808FB4","id":"1808FB4"},
{"name":"1808新注册","id":"1808NewReg"},
{"name":"1808比赛奖励1","id":"1808Game1"},
{"name":"1808比赛奖励2","id":"1808Game2"},
{"name":"1808比赛奖励3","id":"1808Game3"},
{"name":"1808比赛奖励4","id":"1808Game4"},
{"name":"1808比赛奖励5","id":"1808Game5"},

{"name":"1810比赛奖励1","id":"1810Game1"},
{"name":"1810比赛奖励2","id":"1810Game2"},
{"name":"1810比赛奖励3","id":"1810Game3"},
{"name":"1810比赛奖励4","id":"1810Game4"},
{"name":"1810比赛奖励5","id":"1810Game5"},

{"name":"泰国晒十连抽礼包2","id":"THDisplayPickCard2"}

    ]
}